incident_id,hazard_type,country,actual_impact_score,actual_class,predicted_class,error_magnitude,is_correct,prob_correct_class
INC-2025-0303-ECU,Earthquake,Ecuador,2.8609464713024786,0,1.0,1.0,False,0.3445379919033268
INC-2025-0750-AFG,Earthquake,Afghanistan,15.619434830919626,3,0.0,3.0,False,0.2152074682291933
INC-2025-0870-PHL,Earthquake,Philippines,6.362037030756255,1,2.0,1.0,False,0.3481116327868799
INC-2000-0706-PHL,Storm,Philippines,11.33851426560642,3,1.0,2.0,False,0.0753288719446485
INC-2000-0788-PHL,Storm,Philippines,8.12230915830968,2,1.0,1.0,False,0.2771992477850989
INC-2001-0603-HND,Storm,Honduras,5.931105064568606,1,0.0,1.0,False,0.2895704933976458
INC-2000-0643-HND,Storm,Honduras,1.9459101490553128,0,0.0,0.0,True,0.5004952101231472
INC-2000-0644-NIC,Storm,Nicaragua,4.720810222328117,1,1.0,0.0,True,0.4929811038927489
INC-2000-0397-PHL,Storm,Philippines,9.025512827213255,2,1.0,1.0,False,0.2697344285114431
INC-2001-0611-NIC,Storm,Nicaragua,5.227093990145224,1,0.0,1.0,False,0.3345835814085898
INC-2001-0293-PHL,Storm,Philippines,5.435737331539746,1,1.0,0.0,True,0.3706728219695572
INC-2002-0423-PHL,Storm,Philippines,6.802121306757897,1,1.0,0.0,True,0.3706728219695572
INC-2001-0319-PHL,Storm,Philippines,11.8684938131644,3,1.0,2.0,False,0.0893408869315887
INC-2002-0528-PHL,Storm,Philippines,2.8801116262238726,0,1.0,1.0,False,0.2531822808360488
INC-2003-0822-PHL,Storm,Philippines,5.173095273189807,1,1.0,0.0,True,0.3706728219695572
INC-2003-0594-PHL,Storm,Philippines,2.6390573296152584,0,1.0,1.0,False,0.2553325911179869
INC-2003-0258-PHL,Storm,Philippines,7.980746640872732,2,1.0,1.0,False,0.2757740191991635
INC-2003-0824-PHL,Storm,Philippines,2.494266589091657,0,1.0,1.0,False,0.2553325911179869
INC-2025-0018-ETH,Earthquake,Ethiopia,2.799163968450725,0,1.0,1.0,False,0.2301626264737267
INC-2023-0791-PHL,Earthquake,Philippines,6.932296344479244,1,1.0,0.0,True,0.3903780035127107
INC-2024-0585-PHL,Earthquake,Philippines,1.0085850775128715,0,1.0,1.0,False,0.2824351583800858
INC-2022-0647-HND,Storm,Honduras,2.979517021525902,0,0.0,0.0,True,0.5750412767834574
INC-2019-0549-PHL,Storm,Philippines,6.438462864171212,1,1.0,0.0,True,0.3966375248013263
INC-2019-0541-PHL,Storm,Philippines,0.8006700845440368,0,1.0,1.0,False,0.2457889546914113
INC-2020-0474-NIC,Storm,Nicaragua,4.547419777457511,1,1.0,0.0,True,0.4929811038927489
INC-2020-0501-PHL,Storm,Philippines,10.85092535772282,2,1.0,1.0,False,0.2771992477850989
INC-2018-0399-PHL,Storm,Philippines,6.884102947037117,1,1.0,0.0,True,0.3706728219695572
INC-2018-0347-PHL,Storm,Philippines,5.197380697659884,1,1.0,0.0,True,0.3966375248013263
INC-2021-0664-PHL,Storm,Philippines,3.3825840617273952,1,1.0,0.0,True,0.3706728219695572
INC-2021-0809-MWI,Storm,Malawi,5.707186668707974,1,0.0,1.0,False,0.2541563329714562
INC-2017-0524-PHL,Storm,Philippines,7.615117641903665,2,1.0,1.0,False,0.2697344285114431
INC-2017-0432-PHL,Storm,Philippines,5.129315091698407,1,1.0,0.0,True,0.3966375248013263
INC-2022-0411-CHN,Earthquake,China,1.4712873279952912,0,0.0,0.0,True,0.382648160894223
INC-2022-0547-PHL,Storm,Philippines,0.8938137870372789,0,1.0,1.0,False,0.2457889546914113
INC-2022-0567-CHN,Earthquake,China,11.883625189616886,3,3.0,0.0,True,0.4754228933200633
INC-2022-0613-PHL,Storm,Philippines,8.438045649385094,2,1.0,1.0,False,0.2822446485626138
INC-2022-0622-MEX,Earthquake,Mexico,3.2620201272007603,1,0.0,1.0,False,0.3354910557687736
INC-2022-0623-MEX,Earthquake,Mexico,5.254422002874529,1,0.0,1.0,False,0.2662301182607484
INC-2022-0647-NIC,Storm,Nicaragua,4.189295668762602,1,0.0,1.0,False,0.3345835814085898
INC-2022-0665-PHL,Storm,Philippines,2.8450173456758607,0,1.0,1.0,False,0.2435789938435623
INC-2016-0364-PHL,Storm,Philippines,5.743573881952495,1,1.0,0.0,True,0.382763382418885
INC-2016-0342-PHL,Storm,Philippines,2.67197925397071,0,1.0,1.0,False,0.2531822808360488
INC-2023-0091-TUR,Earthquake,Türkiye,5.358095362859205,1,1.0,0.0,True,0.3975683870032109
INC-2016-0189-MMR,Storm,Myanmar,7.265053834496914,2,1.0,1.0,False,0.1809126961984436
INC-2023-0189-PNG,Earthquake,Papua New Guinea,4.409416448937897,1,1.0,0.0,True,0.4059543549729492
INC-2023-0237-TJK,Earthquake,Tajikistan,1.46304080054129,0,1.0,1.0,False,0.1932398325686309
INC-2015-0490-PHL,Storm,Philippines,3.348870376466077,1,1.0,0.0,True,0.3946517951458742
INC-2015-0462-PHL,Storm,Philippines,10.106535061394135,2,1.0,1.0,False,0.2811383555049138
INC-2023-0610-LBY,Storm,Libya,14.044611346762869,3,1.0,2.0,False,0.0893408869315887
INC-2023-0749-ISL,Earthquake,Iceland,3.065736987992544,1,0.0,1.0,False,0.1835953097712865
INC-2015-0339-PHL,Storm,Philippines,0.8254268770090184,0,1.0,1.0,False,0.2702518625874107
INC-2023-0762-PHL,Earthquake,Philippines,7.483024028374,2,1.0,1.0,False,0.0738183119220721
INC-2015-0244-PHL,Storm,Philippines,5.591354835359555,1,1.0,0.0,True,0.3946517951458742
INC-2024-0337-PHL,Storm,Philippines,6.1111471539317135,1,1.0,0.0,True,0.3876796531133045
INC-2015-0030-MWI,Storm,Malawi,2.3778380915746418,0,1.0,1.0,False,0.2294651174746267
INC-2014-0497-PHL,Storm,Philippines,7.573427117667541,2,1.0,1.0,False,0.2811383555049138
INC-2014-0474-PHL,Storm,Philippines,3.41039599361233,1,1.0,0.0,True,0.3876796531133045
INC-2024-0825-PHL,Storm,Philippines,4.165277508062387,1,1.0,0.0,True,0.3966375248013263
INC-2014-0390-PHL,Storm,Philippines,5.225784398653949,1,1.0,0.0,True,0.3876796531133045
INC-2024-0777-PHL,Storm,Philippines,11.823323764188803,3,1.0,2.0,False,0.0807656709582142
INC-2024-0857-NIC,Storm,Nicaragua,1.0986122886681098,0,1.0,1.0,False,0.3788498314304861
INC-2014-0020-PHL,Storm,Philippines,9.898558927182988,2,1.0,1.0,False,0.2822446485626138
INC-2025-0223-MMR,Earthquake,Myanmar,17.17187544708749,3,3.0,0.0,True,0.7983084962523344
INC-2013-0437-PHL,Storm,Philippines,4.532113906067264,1,1.0,0.0,True,0.3946517951458742
INC-2025-0621-GTM,Earthquake,Guatemala,4.412419139367096,1,3.0,2.0,False,0.2778340490398967
INC-2025-0710-PHL,Storm,Philippines,1.083326690259084,0,1.0,1.0,False,0.2531822808360488
INC-2025-0813-PHL,Storm,Philippines,9.618073190616723,2,1.0,1.0,False,0.2771992477850989
INC-2025-0882-IDN,Earthquake,Indonesia,0.5525452939131784,0,1.0,1.0,False,0.4158030165772841
INC-2025-0954-PHL,Storm,Philippines,7.116122853800675,2,1.0,1.0,False,0.2757740191991635
INC-2012-0434-PHL,Storm,Philippines,1.4050298054661532,0,1.0,1.0,False,0.2435789938435623
INC-2020-0218-HND,Storm,Honduras,2.500850451436053,0,0.0,0.0,True,0.5004952101231472
INC-2023-0464-PHL,Storm,Philippines,10.324070706468346,2,1.0,1.0,False,0.2697344285114431
INC-2023-0294-MMR,Storm,Myanmar,11.773312538303276,3,1.0,2.0,False,0.1605409953689325
INC-2023-0246-PHL,Storm,Philippines,2.2635856041022144,0,1.0,1.0,False,0.2702518625874107
INC-2023-0156-AFG,Earthquake,Afghanistan,4.800536134718952,1,1.0,0.0,True,0.4208606366765749
INC-2025-0593-MMR,Storm,Myanmar,4.222818461297617,1,1.0,0.0,True,0.2825026186463177
INC-2025-0793-PHL,Storm,Philippines,6.351659699766,1,1.0,0.0,True,0.3876796531133045
INC-2025-0479-COL,Earthquake,Colombia,2.4738421468079554,0,1.0,1.0,False,0.1672979709376043
INC-2025-0471-HND,Storm,Honduras,1.7058142908649812,0,0.0,0.0,True,0.5004952101231472
INC-2025-0440-PHL,Storm,Philippines,2.709966371672167,0,1.0,1.0,False,0.2531822808360488
INC-2025-0439-PER,Earthquake,Peru,4.201086549171508,1,0.0,1.0,False,0.0834652886816635
INC-2025-0398-IDN,Earthquake,Indonesia,1.7628539936016798,0,0.0,0.0,True,0.5620260297608569
INC-2025-0293-TUR,Earthquake,Türkiye,5.583423177665125,1,1.0,0.0,True,0.6106627796981517
INC-2025-0004-CHN,Earthquake,China,11.347917962831357,3,1.0,2.0,False,0.2858092045502369
INC-2024-0910-MWI,Storm,Malawi,5.411523556346846,1,0.0,1.0,False,0.3320741246450165
INC-2024-0848-CUB,Earthquake,Cuba,1.9098054901843151,0,3.0,3.0,False,0.0238403883887021
INC-2024-0751-TUR,Earthquake,Türkiye,2.6369864272135506,0,1.0,1.0,False,0.150091487727462
INC-2024-0666-PHL,Storm,Philippines,5.029504719313267,1,1.0,0.0,True,0.3966375248013263
INC-2024-0522-PHL,Storm,Philippines,9.426229236477852,2,1.0,1.0,False,0.2697344285114431
INC-2024-0154-IDN,Earthquake,Indonesia,3.8567574852326376,1,1.0,0.0,True,0.5999293858373992
INC-2024-0035-CHN,Earthquake,China,6.380029139978347,1,3.0,2.0,False,0.3435588352764909
INC-2023-0739-PHL,Earthquake,Philippines,1.4157294377406102,0,0.0,0.0,True,0.781446167142735
INC-2023-0722-NPL,Earthquake,Nepal,11.559969167861494,3,1.0,2.0,False,0.2443856732504873
INC-2023-0660-AFG,Earthquake,Afghanistan,3.662403114786847,1,1.0,0.0,True,0.4760234243332754
INC-2002-0875-PHL,Storm,Philippines,7.021254623566983,2,1.0,1.0,False,0.2757740191991635
INC-2003-0823-PHL,Storm,Philippines,1.8210109590293384,0,1.0,1.0,False,0.2531822808360488
INC-2006-0410-PHL,Storm,Philippines,5.27010485646831,1,1.0,0.0,True,0.382763382418885
INC-2006-0415-PHL,Storm,Philippines,4.798707673594033,1,1.0,0.0,True,0.3946517951458742
INC-2006-0600-PHL,Storm,Philippines,8.672166611257534,2,1.0,1.0,False,0.2811383555049138
INC-2006-0610-PHL,Storm,Philippines,4.141320754202336,1,1.0,0.0,True,0.382763382418885
INC-2009-0265-PHL,Storm,Philippines,3.380475249515872,1,1.0,0.0,True,0.3966375248013263
INC-2007-0576-PHL,Storm,Philippines,7.377789777050201,2,1.0,1.0,False,0.2822446485626138
INC-2007-0668-PHL,Storm,Philippines,1.799812579281919,0,1.0,1.0,False,0.2457889546914113
INC-2008-0184-MMR,Storm,Myanmar,21.29972251502368,3,0.0,3.0,False,0.1476077611801612
INC-2008-0329-PHL,Storm,Philippines,1.939773331552227,0,1.0,1.0,False,0.2553325911179869
INC-2009-0477-NIC,Storm,Nicaragua,0.9898374503149306,0,1.0,1.0,False,0.3304389980416364
INC-2010-0211-HND,Storm,Honduras,7.042031786488801,2,0.0,2.0,False,0.0251817658891185
INC-2010-0383-PHL,Storm,Philippines,4.161008767262214,1,1.0,0.0,True,0.3706728219695572
INC-2011-0203-PHL,Storm,Philippines,3.3541709353009246,1,1.0,0.0,True,0.3946517951458742
INC-2011-0379-PHL,Storm,Philippines,10.947500979789137,2,1.0,1.0,False,0.2697344285114431
INC-2011-0555-PHL,Storm,Philippines,2.5146959212345985,0,1.0,1.0,False,0.2435789938435623
INC-2012-0005-MWI,Storm,Malawi,0.8699681400989514,0,1.0,1.0,False,0.1644510880161602
INC-2012-0260-PHL,Storm,Philippines,9.084098497337411,2,1.0,1.0,False,0.2811383555049138
INC-2012-0294-PHL,Storm,Philippines,3.210778081522174,1,1.0,0.0,True,0.3876796531133045
INC-2001-0792-PHL,Storm,Philippines,2.396309622208705,0,1.0,1.0,False,0.2457889546914113
INC-2000-0257-PHL,Storm,Philippines,6.025128824062985,1,1.0,0.0,True,0.382763382418885
INC-2000-0396-PHL,Storm,Philippines,5.438990510088207,1,1.0,0.0,True,0.3966375248013263
INC-2000-0875-NIC,Storm,Nicaragua,1.228332993907552,0,1.0,1.0,False,0.3788498314304861
INC-2001-0614-PHL,Storm,Philippines,11.56535416302442,3,1.0,2.0,False,0.0845699632254647
INC-2002-0408-PHL,Storm,Philippines,8.122835850843451,2,1.0,1.0,False,0.2771992477850989
INC-2004-0435-PHL,Storm,Philippines,4.970788335605283,1,1.0,0.0,True,0.3706728219695572
INC-2004-0289-NIC,Storm,Nicaragua,0.5303304908059076,0,1.0,1.0,False,0.3788498314304861
INC-2004-0309-PHL,Storm,Philippines,7.913223392316971,2,1.0,1.0,False,0.2822446485626138
INC-2004-0580-PHL,Storm,Philippines,10.500252951549951,2,1.0,1.0,False,0.2771992477850989
INC-2005-0567-NIC,Storm,Nicaragua,2.283515368955256,0,0.0,0.0,True,0.5809983402970711
INC-2006-0388-PHL,Storm,Philippines,4.06161881587197,1,1.0,0.0,True,0.382763382418885
INC-2006-0648-PHL,Storm,Philippines,14.77578534849655,3,1.0,2.0,False,0.0807656709582142
INC-2006-0667-PHL,Storm,Philippines,6.911737635855202,1,1.0,0.0,True,0.3966375248013263
INC-2007-0439-NIC,Storm,Nicaragua,6.396589230830265,1,1.0,0.0,True,0.4929811038927489
INC-2008-0234-NIC,Storm,Nicaragua,3.651724439920295,1,0.0,1.0,False,0.3345835814085898
INC-2008-0249-PHL,Storm,Philippines,13.87809669855736,3,1.0,2.0,False,0.0807656709582142
INC-2008-0369-PHL,Storm,Philippines,8.36618252479309,2,1.0,1.0,False,0.2771992477850989
INC-2008-0426-PHL,Storm,Philippines,7.939114239072293,2,1.0,1.0,False,0.2697344285114431
INC-2008-0621-PHL,Storm,Philippines,3.4792242723282447,1,1.0,0.0,True,0.382763382418885
INC-2008-0623-PHL,Storm,Philippines,1.7160081713561208,0,1.0,1.0,False,0.2457889546914113
INC-2009-0239-PHL,Storm,Philippines,6.562720148417611,1,1.0,0.0,True,0.382763382418885
INC-2009-0321-PHL,Storm,Philippines,7.938739964317701,2,1.0,1.0,False,0.2822446485626138
INC-2009-0360-PHL,Storm,Philippines,1.84004558323067,0,1.0,1.0,False,0.2553325911179869
INC-2009-0373-PHL,Storm,Philippines,5.809349055733425,1,1.0,0.0,True,0.3706728219695572
INC-2009-0414-PHL,Storm,Philippines,13.371125352055898,3,1.0,2.0,False,0.0845699632254647
INC-2009-0606-PHL,Storm,Philippines,6.731513995417966,1,1.0,0.0,True,0.382763382418885
INC-2010-0308-PHL,Storm,Philippines,10.393007925948616,2,1.0,1.0,False,0.2697344285114431
INC-2010-0543-PHL,Storm,Philippines,9.420882190849284,2,1.0,1.0,False,0.2757740191991635
INC-2011-0157-PHL,Storm,Philippines,8.247234079750935,2,1.0,1.0,False,0.2757740191991635
INC-2011-0272-PHL,Storm,Philippines,10.039968836990486,2,1.0,1.0,False,0.2757740191991635
INC-2011-0231-PHL,Storm,Philippines,7.176391428938666,2,1.0,1.0,False,0.2771992477850989
INC-2011-0341-PHL,Storm,Philippines,8.983179472627683,2,1.0,1.0,False,0.2697344285114431
INC-2011-0519-PHL,Storm,Philippines,15.133178126092956,3,1.0,2.0,False,0.0753288719446485
INC-2012-0296-PHL,Storm,Philippines,4.615709220137035,1,1.0,0.0,True,0.3876796531133045
INC-2012-0374-PHL,Storm,Philippines,2.5071778102522866,0,1.0,1.0,False,0.2435789938435623
INC-2012-0406-PHL,Storm,Philippines,7.707895634379701,2,1.0,1.0,False,0.2757740191991635
INC-2014-0227-PHL,Storm,Philippines,12.543245270545308,3,1.0,2.0,False,0.083364046851483
INC-2014-0240-PHL,Storm,Philippines,1.7514080804303649,0,1.0,1.0,False,0.2457889546914113
INC-2014-0479-PHL,Storm,Philippines,10.20744261873521,2,1.0,1.0,False,0.2771992477850989
INC-2015-0371-PHL,Storm,Philippines,8.653891925481245,2,1.0,1.0,False,0.2811383555049138
INC-2023-0300-PHL,Storm,Philippines,2.072275524261531,0,1.0,1.0,False,0.2702518625874107
INC-2016-0363-PHL,Storm,Philippines,2.956283580147218,0,1.0,1.0,False,0.2435789938435623
INC-2016-0371-PHL,Storm,Philippines,0.9083642718930224,0,1.0,1.0,False,0.2457889546914113
INC-2016-0433-NIC,Storm,Nicaragua,0.9265869681768664,0,1.0,1.0,False,0.3304389980416364
INC-2016-0490-PHL,Storm,Philippines,0.7352441100243583,0,1.0,1.0,False,0.2435789938435623
INC-2017-0406-PHL,Storm,Philippines,5.922690793573277,1,1.0,0.0,True,0.382763382418885
INC-2017-0152-MMR,Storm,Myanmar,1.1585441456308965,0,1.0,1.0,False,0.2178790506873998
INC-2017-0410-HND,Storm,Honduras,1.8658734156795649,0,0.0,0.0,True,0.6614196751723518
INC-2017-0485-PHL,Storm,Philippines,0.8131824785007196,0,1.0,1.0,False,0.2435789938435623
INC-2018-0227-PHL,Storm,Philippines,6.572034654640436,1,1.0,0.0,True,0.382763382418885
INC-2019-0021-PHL,Storm,Philippines,0.9485013189834324,0,1.0,1.0,False,0.2457889546914113
INC-2019-0349-PHL,Storm,Philippines,4.937812054705617,1,1.0,0.0,True,0.3946517951458742
INC-2019-0434-PHL,Storm,Philippines,2.750602556311433,0,1.0,1.0,False,0.2457889546914113
INC-2019-0573-PHL,Storm,Philippines,8.291047665008605,2,1.0,1.0,False,0.2811383555049138
INC-2020-0452-PHL,Storm,Philippines,2.986128047599059,0,1.0,1.0,False,0.2435789938435623
INC-2020-0463-PHL,Storm,Philippines,10.589892331938753,2,1.0,1.0,False,0.2757740191991635
INC-2020-0474-HND,Storm,Honduras,6.2429578231882,1,0.0,1.0,False,0.3149441118252862
INC-2021-0079-PHL,Storm,Philippines,2.9999985641877887,0,1.0,1.0,False,0.2457889546914113
INC-2021-0236-PHL,Storm,Philippines,5.244879817704169,1,1.0,0.0,True,0.3966375248013263
INC-2022-0595-IDN,Earthquake,Indonesia,1.5631652998352807,0,0.0,0.0,True,0.6651360147162043
INC-2023-0450-PHL,Storm,Philippines,1.7097590226183776,0,1.0,1.0,False,0.2457889546914113
INC-2023-0054-SYR,Earthquake,Syrian Arab Republic,18.119942386118502,3,3.0,0.0,True,0.3780916091722177
INC-2023-0054-TUR,Earthquake,Türkiye,21.79621347029238,3,3.0,0.0,True,0.7865265327348757
INC-2023-0095-MWI,Storm,Malawi,15.034171267950716,3,1.0,2.0,False,0.0146060176525278
INC-2023-0279-JPN,Earthquake,Japan,3.357332522712753,1,1.0,0.0,True,0.4942625118383372
INC-2023-0378-IDN,Earthquake,Indonesia,2.594292459266347,0,0.0,0.0,True,0.4981152483068067
INC-2023-0568-PHL,Storm,Philippines,5.754459170272106,1,1.0,0.0,True,0.3876796531133045
INC-2023-0600-MAR,Earthquake,Morocco,16.82752911429016,3,1.0,2.0,False,0.0249037861446835
INC-2023-0623-PHL,Storm,Philippines,0.562040086571715,0,1.0,1.0,False,0.2435789938435623
INC-2023-0703-HND,Storm,Honduras,0.6931471805599453,0,0.0,0.0,True,0.5750412767834574
INC-2023-0842-PHL,Storm,Philippines,3.0881492657866616,1,1.0,0.0,True,0.3966375248013263
INC-2024-0153-PNG,Earthquake,Papua New Guinea,3.1928449147109306,1,1.0,0.0,True,0.4252598386663064
INC-2024-0402-HND,Storm,Honduras,1.4245358637232917,0,0.0,0.0,True,0.5004952101231472
INC-2024-0688-IDN,Earthquake,Indonesia,5.71672662127162,1,3.0,2.0,False,0.2547414645514821
INC-2024-0711-PHL,Storm,Philippines,5.798885302834561,1,1.0,0.0,True,0.382763382418885
INC-2024-0857-HND,Storm,Honduras,2.274369504435202,0,0.0,0.0,True,0.5750412767834574
INC-2024-0911-VUT,Earthquake,Vanuatu,8.931695588283741,2,1.0,1.0,False,0.1175706274486584
INC-2025-0158-MWI,Storm,Malawi,3.7630174455104495,1,0.0,1.0,False,0.2541563329714562
INC-2025-0593-PHL,Storm,Philippines,8.820915101765554,2,1.0,1.0,False,0.2697344285114431
INC-2025-0619-RUS,Earthquake,Russian Federation,1.3182987999220763,0,1.0,1.0,False,0.1941012544854048
INC-2025-0671-TUR,Earthquake,Türkiye,5.252632254131049,1,1.0,0.0,True,0.5007117323154714
INC-2025-0692-IDN,Earthquake,Indonesia,3.618904606802416,1,0.0,1.0,False,0.277999096070447
INC-2025-0867-ETH,Earthquake,Ethiopia,2.9113585196347467,0,3.0,3.0,False,0.1087077599743773
INC-2025-0896-PHL,Storm,Philippines,3.9198440826770544,1,1.0,0.0,True,0.3706728219695572
INC-2025-0998-PHL,Storm,Philippines,2.4737151455243187,0,1.0,1.0,False,0.2553325911179869
INC-2025-1085-MWI,Storm,Malawi,7.515350210589952,2,0.0,2.0,False,0.1227926409218054
INC-2001-0054-PHL,Storm,Philippines,9.137991109570692,2,1.0,1.0,False,0.2811383555049138
INC-2001-0793-PHL,Storm,Philippines,4.112253255549623,1,1.0,0.0,True,0.3706728219695572
INC-2002-0878-PHL,Storm,Philippines,8.446574187189317,2,1.0,1.0,False,0.2811383555049138
INC-2003-0290-PHL,Storm,Philippines,6.06875970101633,1,1.0,0.0,True,0.3966375248013263
INC-2003-0825-PHL,Storm,Philippines,2.259318771920147,0,1.0,1.0,False,0.2531822808360488
INC-2003-0826-PHL,Storm,Philippines,2.083981675385614,0,1.0,1.0,False,0.2553325911179869
INC-2004-0218-PHL,Storm,Philippines,6.8587402134832764,1,1.0,0.0,True,0.3706728219695572
INC-2004-0267-PHL,Storm,Philippines,3.7254548149011297,1,1.0,0.0,True,0.3706728219695572
INC-2004-0602-PHL,Storm,Philippines,5.516059929651338,1,1.0,0.0,True,0.3946517951458742
INC-2004-0618-PHL,Storm,Philippines,6.498987103816214,1,1.0,0.0,True,0.3876796531133045
INC-2005-0625-NIC,Storm,Nicaragua,2.4753766081460418,0,1.0,1.0,False,0.3788498314304861
INC-2006-0241-MMR,Storm,Myanmar,6.388604171517942,1,1.0,0.0,True,0.3229777331034638
INC-2006-0362-PHL,Storm,Philippines,6.324210877625907,1,1.0,0.0,True,0.3876796531133045
INC-2006-0517-PHL,Storm,Philippines,12.281319940829022,3,1.0,2.0,False,0.0753288719446485
INC-2007-0346-PHL,Storm,Philippines,5.732635937664261,1,1.0,0.0,True,0.382763382418885
INC-2007-0380-PHL,Storm,Philippines,3.911189112256234,1,1.0,0.0,True,0.382763382418885
INC-2007-0439-HND,Storm,Honduras,3.439327287952642,1,0.0,1.0,False,0.2508423923969356
INC-2007-0457-PHL,Storm,Philippines,2.129510888010318,0,1.0,1.0,False,0.2531822808360488
INC-2007-0463-PHL,Storm,Philippines,2.957364810794593,0,1.0,1.0,False,0.2702518625874107
INC-2007-0578-PHL,Storm,Philippines,6.7159868136977305,1,1.0,0.0,True,0.3706728219695572
INC-2008-0155-PHL,Storm,Philippines,2.6292284804137203,0,1.0,1.0,False,0.2531822808360488
INC-2008-0197-PHL,Storm,Philippines,9.66037103428714,2,1.0,1.0,False,0.2811383555049138
INC-2008-0292-PHL,Storm,Philippines,4.690167638073196,1,1.0,0.0,True,0.3706728219695572
INC-2008-0540-PHL,Storm,Philippines,4.96608885450856,1,1.0,0.0,True,0.3946517951458742
INC-2009-0174-PHL,Storm,Philippines,7.817221501532565,2,1.0,1.0,False,0.2822446485626138
INC-2009-0374-PHL,Storm,Philippines,3.1580305942541287,1,1.0,0.0,True,0.3966375248013263
INC-2009-0422-PHL,Storm,Philippines,13.096527876676284,3,1.0,2.0,False,0.0753288719446485
INC-2010-0503-HND,Storm,Honduras,1.6094379124341005,0,0.0,0.0,True,0.5004952101231472
INC-2011-0279-PHL,Storm,Philippines,5.10353930222783,1,1.0,0.0,True,0.3876796531133045
INC-2012-0500-PHL,Storm,Philippines,15.80143550628825,3,1.0,2.0,False,0.0845699632254647
INC-2012-0463-PHL,Storm,Philippines,0.5777652323222656,0,1.0,1.0,False,0.2553325911179869
INC-2013-0036-PHL,Storm,Philippines,1.619989238865216,0,1.0,1.0,False,0.2553325911179869
INC-2013-0378-PHL,Storm,Philippines,5.4840051272716295,1,1.0,0.0,True,0.3876796531133045
INC-2015-0118-MMR,Storm,Myanmar,1.3862943611198906,0,1.0,1.0,False,0.2046382041359327
INC-2015-0278-PHL,Storm,Philippines,2.633498662084905,0,1.0,1.0,False,0.2553325911179869
INC-2016-0284-HND,Storm,Honduras,1.195535232644573,0,0.0,0.0,True,0.636012577621385
INC-2016-0256-PHL,Storm,Philippines,2.459888058297889,0,1.0,1.0,False,0.2435789938435623
INC-2016-0456-PHL,Storm,Philippines,0.9568713872550496,0,1.0,1.0,False,0.2702518625874107
INC-2017-0142-PHL,Storm,Philippines,5.792932826557076,1,1.0,0.0,True,0.382763382418885
INC-2017-0525-PHL,Storm,Philippines,10.386804505896672,2,1.0,1.0,False,0.2822446485626138
INC-2018-0455-PHL,Storm,Philippines,11.24000686984669,3,1.0,2.0,False,0.0893408869315887
INC-2019-0634-PHL,Storm,Philippines,10.549070407256725,2,1.0,1.0,False,0.2757740191991635
INC-2020-0495-NIC,Storm,Nicaragua,7.01860554526913,2,1.0,1.0,False,0.010012755352678
INC-2023-0636-AFG,Earthquake,Afghanistan,14.799212520162218,3,1.0,2.0,False,0.0135617401036476
INC-2021-0091-PHL,Storm,Philippines,5.201385006956063,1,1.0,0.0,True,0.3706728219695572
INC-2021-0595-PHL,Storm,Philippines,5.7653325930565416,1,1.0,0.0,True,0.3946517951458742
INC-2021-0670-PHL,Storm,Philippines,8.631596946924681,2,1.0,1.0,False,0.2771992477850989
INC-2022-0400-NIC,Storm,Nicaragua,3.6929817450778986,1,1.0,0.0,True,0.4929811038927489
INC-2023-0653-NPL,Earthquake,Nepal,3.3320597467516557,1,1.0,0.0,True,0.4440618313128713
INC-2022-0334-CHN,Earthquake,China,6.558717587481518,1,3.0,2.0,False,0.2865988954353465
INC-2022-0342-AFG,Earthquake,Afghanistan,12.341794157946005,3,1.0,2.0,False,0.13310410252342
INC-2022-0680-PHL,Storm,Philippines,1.704138300925777,0,1.0,1.0,False,0.2553325911179869
INC-2022-0707-PHL,Storm,Philippines,11.038147270230567,3,1.0,2.0,False,0.083364046851483
INC-2022-0731-NPL,Earthquake,Nepal,4.075447699288752,1,3.0,2.0,False,0.3609656901341262
INC-2022-0755-IDN,Earthquake,Indonesia,11.496619239465922,3,1.0,2.0,False,0.2858092045502369
INC-2022-0765-TUR,Earthquake,Türkiye,6.106904111403889,1,1.0,0.0,True,0.4680838038200178
INC-2023-0006-IDN,Earthquake,Indonesia,2.7750352415956847,0,1.0,1.0,False,0.1441317939334783
INC-2020-0203-PHL,Storm,Philippines,7.755518771502003,2,1.0,1.0,False,0.2771992477850989
INC-2020-0470-PHL,Storm,Philippines,8.967206202992637,2,1.0,1.0,False,0.2822446485626138
INC-2020-0495-HND,Storm,Honduras,4.034783288877893,1,0.0,1.0,False,0.3727853450279888
INC-2020-0558-PHL,Storm,Philippines,5.4487207432882245,1,1.0,0.0,True,0.382763382418885
INC-2021-0339-PHL,Storm,Philippines,5.341287474597831,1,1.0,0.0,True,0.3946517951458742
INC-2021-0813-PHL,Storm,Philippines,14.101998199091742,3,1.0,2.0,False,0.083364046851483
INC-2022-0052-MWI,Storm,Malawi,8.216739580059716,2,1.0,1.0,False,0.1648893739734111
INC-2022-0137-MWI,Storm,Malawi,2.079441541679836,0,1.0,1.0,False,0.1644510880161602
INC-2022-0204-PHL,Storm,Philippines,10.5396906222278,2,1.0,1.0,False,0.2697344285114431
INC-2022-0430-PER,Earthquake,Peru,1.1206794248849918,0,0.0,0.0,True,0.5332774957324083
INC-2022-0448-PHL,Earthquake,Philippines,9.085152614350072,2,1.0,1.0,False,0.1666690774478551
INC-2022-0592-PNG,Earthquake,Papua New Guinea,4.44745833628714,1,1.0,0.0,True,0.5896673991414673
INC-2022-0703-PHL,Earthquake,Philippines,4.5424256826082186,1,0.0,1.0,False,0.3422656875165084
INC-2023-0155-ECU,Earthquake,Ecuador,6.985851127507428,1,1.0,0.0,True,0.4534204618958373
INC-2023-0248-MMR,Storm,Myanmar,5.350362869126468,1,1.0,0.0,True,0.353994469215348
INC-2023-0732-HND,Storm,Honduras,2.684500023805368,0,0.0,0.0,True,0.6276324242506868
INC-2023-0838-CHN,Earthquake,China,12.561900922125805,3,1.0,2.0,False,0.3005567488972644
INC-2024-0001-JPN,Earthquake,Japan,14.636416299474988,3,3.0,0.0,True,0.5927631345067956
INC-2025-0710-MMR,Storm,Myanmar,0.6066108090103748,0,1.0,1.0,False,0.2685776723580939
INC-2024-0262-IDN,Earthquake,Indonesia,2.769822540139699,0,0.0,0.0,True,0.6032481854928312
INC-2024-0473-PER,Earthquake,Peru,2.6282001825133574,0,1.0,1.0,False,0.2411962660048204
INC-2024-0654-MMR,Storm,Myanmar,11.922951580798095,3,1.0,2.0,False,0.1976898132837901
INC-2024-0654-PHL,Storm,Philippines,8.666379312511662,2,1.0,1.0,False,0.2811383555049138
INC-2024-0695-PHL,Storm,Philippines,6.129268263751883,1,1.0,0.0,True,0.382763382418885
INC-2024-0829-PHL,Storm,Philippines,3.655827943112744,1,1.0,0.0,True,0.382763382418885
INC-2024-0855-PHL,Storm,Philippines,7.948553363843349,2,1.0,1.0,False,0.2811383555049138
INC-2025-0248-TJK,Earthquake,Tajikistan,2.939682443277781,0,0.0,0.0,True,0.360248055260484
INC-2025-0385-PHL,Storm,Philippines,1.2362845598477754,0,1.0,1.0,False,0.2435789938435623
INC-2025-0499-GTM,Earthquake,Guatemala,4.412419139367096,1,1.0,0.0,True,0.4821741140253609
INC-2025-0815-VEN,Earthquake,Venezuela (Bolivarian Republic of),0.5351858133476067,0,1.0,1.0,False,0.2569891745075722
INC-2025-0844-PHL,Earthquake,Philippines,11.202068222764323,3,1.0,2.0,False,0.4500061800455452
INC-2025-0879-PHL,Storm,Philippines,1.958862325519815,0,1.0,1.0,False,0.2702518625874107
INC-2025-0932-AFG,Earthquake,Afghanistan,10.087648884804036,2,0.0,2.0,False,0.0026906775847503
INC-2025-0935-PHL,Storm,Philippines,10.5831577354842,2,1.0,1.0,False,0.2757740191991635
INC-2000-0715-PHL,Storm,Philippines,8.059622857612435,2,1.0,1.0,False,0.2697344285114431
INC-2001-0758-PHL,Storm,Philippines,5.0506839702616055,1,1.0,0.0,True,0.3966375248013263
INC-2002-0850-NIC,Storm,Nicaragua,3.051074271006041,1,0.0,1.0,False,0.3345835814085898
INC-2002-0877-PHL,Storm,Philippines,5.338136543084111,1,1.0,0.0,True,0.3946517951458742
INC-2003-0346-PHL,Storm,Philippines,6.084456882681652,1,1.0,0.0,True,0.3946517951458742
INC-2004-0235-MMR,Storm,Myanmar,7.787775505642899,2,0.0,2.0,False,0.1864133341967908
INC-2004-0609-PHL,Storm,Philippines,14.478208888493038,3,1.0,2.0,False,0.0753288719446485
INC-2005-0120-PHL,Storm,Philippines,3.19292964414524,1,1.0,0.0,True,0.3966375248013263
INC-2005-0540-PHL,Storm,Philippines,5.34384756610158,1,1.0,0.0,True,0.3706728219695572
INC-2005-0567-HND,Storm,Honduras,5.044703972914725,1,0.0,1.0,False,0.3355239667244048
INC-2005-0625-HND,Storm,Honduras,0.9305741456739436,0,0.0,0.0,True,0.636012577621385
INC-2005-0640-HND,Storm,Honduras,6.941690580335129,1,0.0,1.0,False,0.2508423923969356
INC-2005-0693-MWI,Storm,Malawi,3.803241396189732,1,0.0,1.0,False,0.3620978368743457
INC-2006-0251-PHL,Storm,Philippines,6.424299936448961,1,1.0,0.0,True,0.3876796531133045
INC-2007-0560-PHL,Storm,Philippines,4.839695430260771,1,1.0,0.0,True,0.3966375248013263
INC-2008-0609-PHL,Storm,Philippines,4.581095645965855,1,1.0,0.0,True,0.3706728219695572
INC-2009-0165-PHL,Storm,Philippines,9.70543874106946,2,1.0,1.0,False,0.2811383555049138
INC-2009-0193-PHL,Storm,Philippines,0.819863945529737,0,1.0,1.0,False,0.2702518625874107
INC-2009-0478-PHL,Storm,Philippines,8.496393345460255,2,1.0,1.0,False,0.2822446485626138
INC-2009-0521-PHL,Storm,Philippines,4.52014955149742,1,1.0,0.0,True,0.3946517951458742
INC-2010-0260-NIC,Storm,Nicaragua,1.791759469228055,0,1.0,1.0,False,0.3304389980416364
INC-2010-0554-MMR,Storm,Myanmar,9.22168063722778,2,1.0,1.0,False,0.2107547812546521
INC-2011-0378-PHL,Storm,Philippines,7.509813179076652,2,1.0,1.0,False,0.2697344285114431
INC-2011-0384-PHL,Storm,Philippines,4.581234454532333,1,1.0,0.0,True,0.3706728219695572
INC-2012-0540-PHL,Storm,Philippines,6.875009867608099,1,1.0,0.0,True,0.3876796531133045
INC-2013-0272-PHL,Storm,Philippines,7.3503889203930495,2,1.0,1.0,False,0.2757740191991635
INC-2013-0258-PHL,Storm,Philippines,5.084696998129493,1,1.0,0.0,True,0.3876796531133045
INC-2013-0373-PHL,Storm,Philippines,2.9111650089476164,0,1.0,1.0,False,0.2435789938435623
INC-2013-0430-PHL,Storm,Philippines,9.229984849090483,2,1.0,1.0,False,0.2822446485626138
INC-2013-0433-PHL,Storm,Philippines,18.91838238862496,3,1.0,2.0,False,0.0807656709582142
INC-2014-0055-PHL,Storm,Philippines,4.637508441696144,1,1.0,0.0,True,0.382763382418885
INC-2014-0330-PHL,Storm,Philippines,8.25266962950426,2,1.0,1.0,False,0.2822446485626138
INC-2015-0017-PHL,Storm,Philippines,3.478814683649004,1,1.0,0.0,True,0.3946517951458742
INC-2015-0176-PHL,Storm,Philippines,2.8957758415407,0,1.0,1.0,False,0.2531822808360488
INC-2015-0105-PHL,Storm,Philippines,0.7923710333969238,0,1.0,1.0,False,0.2531822808360488
INC-2015-0543-PHL,Storm,Philippines,9.079325743935222,2,1.0,1.0,False,0.2697344285114431
INC-2016-0138-MMR,Storm,Myanmar,6.450179814321863,1,0.0,1.0,False,0.3240143343742069
INC-2016-0503-PHL,Storm,Philippines,6.974042737291321,1,1.0,0.0,True,0.3706728219695572
INC-2017-0326-PHL,Storm,Philippines,1.9241152814101572,0,1.0,1.0,False,0.2457889546914113
INC-2017-0410-NIC,Storm,Nicaragua,3.830234475805507,1,0.0,1.0,False,0.3345835814085898
INC-2017-0422-PHL,Storm,Philippines,2.5182686592505514,0,1.0,1.0,False,0.2702518625874107
INC-2018-0004-PHL,Storm,Philippines,5.554703503406884,1,1.0,0.0,True,0.3876796531133045
INC-2018-0044-PHL,Storm,Philippines,2.850798669464792,0,1.0,1.0,False,0.2553325911179869
INC-2018-0341-PHL,Storm,Philippines,10.49985366689881,2,1.0,1.0,False,0.2771992477850989
